key|zh-Hans|en|ru|es|pt|vi|ar|id
appName|高性价比人生指南|The Better Life Guide|Гид по лучшей жизни|Guía para vivir mejor|Guia para viver melhor|Cẩm nang sống tốt hơn|دليل الحياة الأفضل|Panduan Hidup Lebih Baik
today|今日|Today|Сегодня|Hoy|Hoje|Hôm nay|اليوم|Hari ini
guide|指南|Guide|Гид|Guía|Guia|Cẩm nang|الدليل|Panduan
saved|收藏|Saved|Избранное|Guardados|Salvos|Đã lưu|المحفوظات|Tersimpan
actions|行动|Actions|Действия|Acciones|Ações|Hành động|الخطوات|Tindakan
about|关于与内容来源|About & sources|О приложении и источниках|Acerca de y fuentes|Sobre e fontes|Giới thiệu và nguồn|حول التطبيق والمصادر|Tentang dan sumber
hero|把生活过好，\n从一件小事开始。|A better life,\none small step at a time.|Жить лучше,\nначиная с малого.|Vive mejor,\nun pequeño paso a la vez.|Viva melhor,\num pequeno passo por vez.|Sống tốt hơn,\nbắt đầu từ việc nhỏ.|حياة أفضل،\nخطوة صغيرة كل مرة.|Hidup lebih baik,\nmulai dari langkah kecil.
tagline|少一点消耗，多一点值得。|Spend less energy on what matters less.|Меньше лишних затрат, больше пользы.|Menos desgaste, más valor.|Menos desgaste, mais valor.|Bớt hao tổn, thêm giá trị.|جهد أقل، وفائدة أكبر.|Kurangi beban, tambah manfaat.
tips|条生活建议|Life tips|Советов|Consejos|Dicas|Lời khuyên|نصيحة|Saran
topics|个生活主题|Topics|Тем|Temas|Temas|Chủ đề|موضوعًا|Topik
offline|离线|Offline|Офлайн|Sin conexión|Offline|Ngoại tuyến|دون إنترنت|Luring
available|随时可查阅|Always at hand|Всегда под рукой|Siempre a mano|Sempre à mão|Luôn sẵn có|متاح دائمًا|Selalu tersedia
daily|今日一读|Today's read|Совет дня|Lectura de hoy|Leitura do dia|Đọc hôm nay|قراءة اليوم|Bacaan hari ini
read|读一读|Read|Читать|Leer|Ler|Đọc|اقرأ|Baca
start|从你关心的开始|Start with what matters|Начните с важного|Empieza por lo que te importa|Comece pelo que importa|Bắt đầu từ điều bạn quan tâm|ابدأ بما يهمك|Mulai dari yang penting
allTopics|全部主题|All topics|Все темы|Todos los temas|Todos os temas|Tất cả chủ đề|كل المواضيع|Semua topik
health|健康与安全|Health & safety|Здоровье и безопасность|Salud y seguridad|Saúde e segurança|Sức khỏe và an toàn|الصحة والسلامة|Kesehatan dan keselamatan
healthSub|照顾好身体|Take care of yourself|Берегите себя|Cuida tu cuerpo|Cuide de si|Chăm sóc bản thân|اعتنِ بنفسك|Rawat diri Anda
money|钱要花得值|Money well spent|Деньги с пользой|Dinero bien gastado|Dinheiro bem gasto|Chi tiêu xứng đáng|إنفاق مفيد|Belanja bijak
moneySub|守住每一份积累|Protect what you build|Берегите накопления|Protege tus ahorros|Proteja suas economias|Giữ gìn tích lũy|احمِ مدخراتك|Jaga hasil usaha
time|时间与精力|Time & energy|Время и силы|Tiempo y energía|Tempo e energia|Thời gian và sức lực|الوقت والطاقة|Waktu dan tenaga
timeSub|给生活留点余地|Make room for living|Оставьте место для жизни|Deja espacio para vivir|Dê espaço à vida|Dành chỗ cho cuộc sống|اترك مساحة للحياة|Beri ruang untuk hidup
relationships|关系与成长|People & growth|Отношения и развитие|Relaciones y crecimiento|Relações e crescimento|Quan hệ và trưởng thành|العلاقات والنمو|Hubungan dan pertumbuhan
relationshipsSub|把重要的人放在心上|Care for your people|Помните о близких|Cuida a los tuyos|Cuide de quem importa|Quan tâm người thân|اهتم بمن تحب|Pedulikan orang terdekat
emergency|紧急情况，先做什么|Emergency: what comes first|Что делать в экстренной ситуации|Emergencia: qué hacer primero|Emergência: o que fazer primeiro|Khẩn cấp: làm gì trước|الطوارئ: ماذا تفعل أولًا|Darurat: langkah pertama
emergencySub|急救与避险 · 离线也能打开|First aid & safety · Available offline|Первая помощь · Доступно офлайн|Primeros auxilios · Sin conexión|Primeiros socorros · Offline|Sơ cứu và an toàn · Ngoại tuyến|الإسعاف والسلامة · دون إنترنت|Pertolongan pertama · Tersedia luring
gentle|不用全做，挑走一两条就算数。|You don't have to do it all. One or two is enough.|Не нужно делать всё. Начните с одного-двух советов.|No hace falta hacerlo todo. Uno o dos consejos bastan.|Não precisa fazer tudo. Uma ou duas dicas bastam.|Không cần làm hết. Chọn một hai việc là đủ.|لا يلزم فعل كل شيء. نصيحة أو اثنتان تكفي.|Tak perlu semuanya. Satu atau dua sudah cukup.
evidenceValue|原文证据 %@|Source grade %@|Уровень в источнике %@|Nivel original %@|Nível original %@|Mức chứng cứ gốc %@|درجة المصدر %@|Tingkat sumber %@
evidenceFilter|原文证据等级|Source evidence grade|Уровень доказательности|Nivel de evidencia original|Nível de evidência original|Mức chứng cứ gốc|مستوى دليل المصدر|Tingkat bukti sumber
evidenceHint|等级沿用原作者标注，可在详情中核对依据。|Grades are the source author's; check the details for evidence.|Оценки взяты у автора. Основания приведены в подробностях.|Los niveles son del autor; consulta los detalles.|Os níveis são do autor; confira os detalhes.|Mức chứng cứ do tác giả gốc đánh giá; xem chi tiết để đối chiếu.|الدرجات من المؤلف؛ راجع التفاصيل للأدلة.|Tingkat mengikuti penulis sumber; periksa bukti di rincian.
all|全部|All|Все|Todos|Todos|Tất cả|الكل|Semua
topicCount|%ld 个主题 · 按原书顺序|%ld topics · Original order|Тем: %ld · Порядок оригинала|%ld temas · Orden original|%ld temas · Ordem original|%ld chủ đề · Theo thứ tự gốc|%ld موضوعًا · بترتيب المصدر|%ld topik · Urutan asli
supplements|前言与专题长文|Preface & essays|Предисловие и статьи|Prólogo y artículos|Prefácio e artigos|Lời nói đầu và bài chuyên đề|المقدمة والمقالات|Pengantar dan esai
resultCount|找到 %ld 条建议|Results: %ld|Найдено: %ld|Resultados: %ld|Resultados: %ld|Kết quả: %ld|النتائج: %ld|Hasil: %ld
noResults|没有匹配的建议|No matching tips|Советы не найдены|No hay resultados|Nenhum resultado|Không tìm thấy|لا توجد نتائج|Tidak ada hasil
guideTitle|生活指南|Life guide|Гид по жизни|Guía de vida|Guia de vida|Cẩm nang cuộc sống|دليل الحياة|Panduan hidup
search|搜索建议、成本或关键词|Search tips, costs or keywords|Советы, затраты или ключевые слова|Busca consejos, costes o palabras|Busque dicas, custos ou palavras|Tìm lời khuyên, chi phí hoặc từ khóa|ابحث عن نصائح أو تكاليف أو كلمات|Cari saran, biaya, atau kata kunci
chapterNumber|第 %ld 节|Chapter %ld|Раздел %ld|Capítulo %ld|Capítulo %ld|Phần %ld|الفصل %ld|Bab %ld
chapterCount|第 %ld 节 · %ld 条建议|Chapter %ld · %ld tips|Раздел %ld · Советов: %ld|Capítulo %ld · %ld consejos|Capítulo %ld · %ld dicas|Phần %ld · %ld lời khuyên|الفصل %ld · %ld نصيحة|Bab %ld · %ld saran
intro|阅读本节导言|Read the introduction|Читать введение|Leer la introducción|Ler a introdução|Đọc phần giới thiệu|اقرأ المقدمة|Baca pengantar
originalOrder|按原文顺序阅读|Read in source order|В порядке оригинала|Leer en orden original|Ler na ordem original|Đọc theo thứ tự gốc|اقرأ بترتيب المصدر|Baca sesuai urutan asli
topicGuide|主题指南|Topic guide|Тематический гид|Guía temática|Guia temático|Hướng dẫn chủ đề|دليل الموضوع|Panduan topik
articleNumber|第 %ld 节 / 第 %ld 条|Chapter %ld / Item %ld|Раздел %ld / Пункт %ld|Capítulo %ld / Consejo %ld|Capítulo %ld / Item %ld|Phần %ld / Mục %ld|الفصل %ld / البند %ld|Bab %ld / Butir %ld
plain|说人话|In plain terms|Простыми словами|En términos sencillos|Em linguagem simples|Nói dễ hiểu|بعبارة بسيطة|Singkatnya
cost|需要付出什么|What it costs|Затраты|Qué cuesta|O que custa|Chi phí cần bỏ ra|التكلفة|Biaya
benefit|换回什么|What you gain|Что вы получите|Qué ganas|O que você ganha|Lợi ích nhận được|الفائدة|Manfaat
notes|适用范围与备注|Scope & notes|Применимость и примечания|Alcance y notas|Aplicação e notas|Phạm vi và ghi chú|النطاق والملاحظات|Cakupan dan catatan
sources|研究与引用来源|Research & sources|Исследования и источники|Estudios y fuentes|Pesquisas e fontes|Nghiên cứu và nguồn|الأبحاث والمصادر|Penelitian dan sumber
references|文中提到的建议|Related tips|Связанные советы|Consejos relacionados|Dicas relacionadas|Lời khuyên liên quan|نصائح ذات صلة|Saran terkait
readTip|读一条建议|Read a tip|Читать совет|Lee un consejo|Leia uma dica|Đọc lời khuyên|اقرأ نصيحة|Baca saran
fontNormal|标准字号|Standard text|Обычный текст|Texto normal|Texto normal|Chữ tiêu chuẩn|خط عادي|Teks standar
fontLarge|大字号|Large text|Крупный текст|Texto grande|Texto grande|Chữ lớn|خط كبير|Teks besar
fontXL|特大字号|Extra large text|Очень крупный текст|Texto muy grande|Texto muito grande|Chữ rất lớn|خط كبير جدًا|Teks sangat besar
fontSize|阅读字号|Text size|Размер текста|Tamaño del texto|Tamanho do texto|Cỡ chữ|حجم الخط|Ukuran teks
save|收藏建议|Save tip|Сохранить совет|Guardar consejo|Salvar dica|Lưu lời khuyên|احفظ النصيحة|Simpan saran
unsave|取消收藏|Unsave|Убрать из избранного|Quitar de guardados|Remover dos salvos|Bỏ lưu|إلغاء الحفظ|Batal simpan
plan|加入我的行动|Add to my actions|Добавить в действия|Añadir a mis acciones|Adicionar às ações|Thêm vào hành động|أضف إلى خطواتي|Tambahkan ke tindakan
planned|已加入行动 · 点击移除|Added · Tap to remove|Добавлено · Нажмите, чтобы убрать|Añadido · Toca para quitar|Adicionado · Toque para remover|Đã thêm · Chạm để xóa|تمت الإضافة · اضغط للإزالة|Ditambahkan · Ketuk untuk hapus
done|完成|Done|Готово|Listo|Concluído|Xong|تم|Selesai
pdfPage|PDF 第 %ld 页|PDF page %ld|Страница PDF %ld|Página PDF %ld|Página PDF %ld|Trang PDF %ld|صفحة PDF %ld|Halaman PDF %ld
pdfButton|查看 PDF 原文 · 第 %ld 页|View original PDF · Page %ld|Открыть PDF · Страница %ld|Ver PDF original · Página %ld|Ver PDF original · Página %ld|Xem PDF gốc · Trang %ld|عرض PDF الأصلي · الصفحة %ld|Lihat PDF asli · Halaman %ld
sourcePage|原文 · 第 %ld 页|Source · Page %ld|Источник · Страница %ld|Original · Página %ld|Original · Página %ld|Bản gốc · Trang %ld|المصدر · الصفحة %ld|Sumber · Halaman %ld
openPDF|打开原文排版（含表格）|Open original layout (with tables)|Открыть оригинал с таблицами|Abrir original con tablas|Abrir original com tabelas|Mở bố cục gốc (có bảng)|افتح التنسيق الأصلي مع الجداول|Buka tata letak asli (dengan tabel)
onlineSource|查看此译文原文（联网）|View translation source (online)|Источник перевода (онлайн)|Ver traducción original (en línea)|Ver tradução original (online)|Xem nguồn bản dịch (trực tuyến)|عرض مصدر الترجمة عبر الإنترنت|Lihat sumber terjemahan (daring)
savedEmpty|把值得的留下来|Keep what matters|Сохраните важное|Guarda lo que importa|Guarde o que importa|Giữ lại điều đáng giá|احفظ ما يهمك|Simpan yang penting
savedHint|阅读时轻点右上角书签，\n需要的时候，就在这里找到。|Tap the bookmark while reading.\nFind your saved tips here.|Нажмите на закладку при чтении.\nСохранённые советы появятся здесь.|Toca el marcador al leer.\nTus consejos estarán aquí.|Toque no marcador ao ler.\nSuas dicas aparecerão aqui.|Chạm biểu tượng dấu trang khi đọc.\nLời khuyên đã lưu sẽ ở đây.|اضغط إشارة الحفظ أثناء القراءة.\nستجد نصائحك هنا.|Ketuk penanda saat membaca.\nSaran tersimpan akan ada di sini.
savedTitle|我的收藏|My saved tips|Моё избранное|Mis guardados|Meus salvos|Mục đã lưu|محفوظاتي|Saran tersimpan
savedCount|%ld 条收藏|Saved: %ld|Сохранено: %ld|Guardados: %ld|Salvos: %ld|Đã lưu: %ld|المحفوظات: %ld|Tersimpan: %ld
actionIntro|慢慢来，一件就好。|Take your time. One step is enough.|Не спешите. Начните с одного.|Sin prisa. Un paso basta.|Sem pressa. Um passo basta.|Cứ từ từ. Một việc là đủ.|على مهل. خطوة واحدة تكفي.|Pelan-pelan. Satu langkah cukup.
progress|读过 %ld 条 · 完成 %ld / %ld 个行动|Read: %ld · Completed: %ld / %ld|Прочитано: %ld · Сделано: %ld / %ld|Leídos: %ld · Completados: %ld / %ld|Lidos: %ld · Concluídos: %ld / %ld|Đã đọc: %ld · Hoàn thành: %ld / %ld|قرأت: %ld · أنجزت: %ld / %ld|Dibaca: %ld · Selesai: %ld / %ld
actionsEmpty|从一件小事开始|Start with one small thing|Начните с малого|Empieza por algo pequeño|Comece com algo pequeno|Bắt đầu từ việc nhỏ|ابدأ بشيء صغير|Mulai dari hal kecil
actionsHint|在建议详情中点击“加入我的行动”。\n不用打卡，也不必一次做完。|Tap “Add to my actions” in a tip.\nNo streaks, no need to do it all at once.|Нажмите «Добавить в действия» в совете.\nНе обязательно делать всё сразу.|Toca «Añadir a mis acciones» en un consejo.\nNo necesitas hacerlo todo de golpe.|Toque em «Adicionar às ações» em uma dica.\nNão precisa fazer tudo de uma vez.|Chạm “Thêm vào hành động” trong lời khuyên.\nKhông cần làm hết một lần.|اضغط «أضف إلى خطواتي» في النصيحة.\nلا يلزم إنجاز كل شيء دفعة واحدة.|Ketuk “Tambahkan ke tindakan” pada saran.\nTak perlu diselesaikan sekaligus.
todo|准备去做|To do|Планы|Por hacer|A fazer|Sẽ thực hiện|قيد التخطيط|Akan dilakukan
completed|已经做到|Completed|Сделано|Completados|Concluídos|Đã hoàn thành|مكتمل|Selesai
actionsTitle|我的行动|My actions|Мои действия|Mis acciones|Minhas ações|Hành động của tôi|خطواتي|Tindakan saya
markUndone|标为未完成|Mark incomplete|Отметить как невыполненное|Marcar pendiente|Marcar como pendente|Đánh dấu chưa xong|وضع علامة غير مكتمل|Tandai belum selesai
markDone|标为完成|Mark complete|Отметить как выполненное|Marcar completado|Marcar como concluído|Đánh dấu hoàn thành|وضع علامة مكتمل|Tandai selesai
remove|移除|Remove|Удалить|Quitar|Remover|Xóa|إزالة|Hapus
language|语言|Language|Язык|Idioma|Idioma|Ngôn ngữ|اللغة|Bahasa
languageHint|切换界面与正文语言。各版内容和编号可能不同，收藏与行动按语言分别保存。首次使用跟随系统支持的语言。|Changes interface and content. Editions and numbering may differ; saved tips and actions are separate per language. First launch follows a supported system language.|Меняет язык интерфейса и текста. Версии и номера могут отличаться; избранное и действия хранятся отдельно для каждого языка. При первом запуске учитывается язык системы.|Cambia la interfaz y el contenido. Las versiones y los números pueden variar; guardados y acciones se conservan por idioma. Al iniciar se usa un idioma compatible del sistema.|Altera a interface e o conteúdo. Versões e números podem variar; salvos e ações são separados por idioma. O primeiro uso segue um idioma compatível do sistema.|Đổi ngôn ngữ giao diện và nội dung. Phiên bản và số mục có thể khác; mục lưu và hành động được lưu riêng theo ngôn ngữ. Lần đầu theo ngôn ngữ hệ thống được hỗ trợ.|يغيّر لغة الواجهة والمحتوى. قد تختلف النسخ والترقيم؛ تُحفظ النصائح والخطوات لكل لغة على حدة. عند البدء تُستخدم لغة نظام مدعومة.|Mengubah bahasa antarmuka dan isi. Versi dan penomoran dapat berbeda; simpanan dan tindakan terpisah per bahasa. Pertama kali mengikuti bahasa sistem yang didukung.
contentVersion|内容与版本|Content & edition|Содержание и версия|Contenido y versión|Conteúdo e versão|Nội dung và phiên bản|المحتوى والنسخة|Konten dan versi
counts|%ld 条建议 · %ld 个主题|%ld tips · %ld topics|Советов: %ld · Тем: %ld|%ld consejos · %ld temas|%ld dicas · %ld temas|%ld lời khuyên · %ld chủ đề|%ld نصيحة · %ld موضوعًا|%ld saran · %ld topik
version|内容版本：%@|Content version: %@|Версия текста: %@|Versión: %@|Versão: %@|Phiên bản nội dung: %@|نسخة المحتوى: %@|Versi konten: %@
editionSource|查看当前语言版本来源|Current edition source|Источник этой версии|Fuente de esta versión|Fonte desta versão|Nguồn phiên bản hiện tại|مصدر النسخة الحالية|Sumber versi ini
originalSource|查看中文原作与最新版本|Chinese original & latest version|Китайский оригинал и обновления|Original chino y últimas versiones|Original chinês e atualizações|Bản gốc tiếng Trung và bản mới nhất|الأصل الصيني وآخر نسخة|Naskah asli Tionghoa dan versi terbaru
attribution|原作：eternity4719 / HowToLiveBetter（CC BY 4.0）。英、俄、西、葡、阿拉伯语和印尼语版本由 dlgrv 维护；越南语由 chuanman2707 维护。译文来自原作推荐的社区仓库。|Original: eternity4719 / HowToLiveBetter (CC BY 4.0). English, Russian, Spanish, Portuguese, Arabic and Indonesian editions: dlgrv. Vietnamese: chuanman2707. Community repositories are linked by the original project.|Оригинал: eternity4719 / HowToLiveBetter (CC BY 4.0). Английская, русская, испанская, португальская, арабская и индонезийская версии: dlgrv. Вьетнамская: chuanman2707. Репозитории указаны в исходном проекте.|Original: eternity4719 / HowToLiveBetter (CC BY 4.0). Versiones inglesa, rusa, española, portuguesa, árabe e indonesia: dlgrv. Vietnamita: chuanman2707. Son repositorios comunitarios enlazados por el proyecto original.|Original: eternity4719 / HowToLiveBetter (CC BY 4.0). Versões em inglês, russo, espanhol, português, árabe e indonésio: dlgrv. Vietnamita: chuanman2707. Repositórios comunitários indicados pelo projeto original.|Bản gốc: eternity4719 / HowToLiveBetter (CC BY 4.0). Bản Anh, Nga, Tây Ban Nha, Bồ Đào Nha, Ả Rập và Indonesia: dlgrv. Bản Việt: chuanman2707. Kho cộng đồng được dự án gốc giới thiệu.|الأصل: eternity4719 / HowToLiveBetter ‏(CC BY 4.0). النسخ الإنجليزية والروسية والإسبانية والبرتغالية والعربية والإندونيسية: dlgrv. الفيتنامية: chuanman2707. أشار المشروع الأصلي إلى مستودعات المجتمع هذه.|Asli: eternity4719 / HowToLiveBetter (CC BY 4.0). Versi Inggris, Rusia, Spanyol, Portugis, Arab, dan Indonesia: dlgrv. Vietnam: chuanman2707. Repositori komunitas ditautkan oleh proyek asli.
adaptation|改编：将 PDF 和各语言 Markdown 整理为离线章节与条目，增加导航、收藏、行动管理和界面翻译；保留证据说明及引用。中文版含 PDF 和专题长文；外语版收录各自仓库的 34 章正文。|Adaptation: PDF and language Markdown organized for offline reading, with navigation, bookmarks, actions and translated UI. Evidence notes and citations retained. Chinese includes the PDF and essays; other editions include their 34 chapters.|Адаптация: PDF и Markdown разбиты на главы и советы для чтения офлайн; добавлены навигация, избранное, действия и перевод интерфейса. Сохранены оговорки и ссылки. PDF и статьи доступны на китайском; в переводах — 34 главы.|Adaptación: PDF y Markdown organizados para lectura sin conexión, con navegación, guardados, acciones e interfaz traducida. Se conservan notas y citas. La versión china incluye PDF y artículos; las demás incluyen sus 34 capítulos.|Adaptação: PDF e Markdown organizados para leitura offline, com navegação, salvos, ações e interface traduzida. Notas e citações preservadas. A versão chinesa inclui PDF e artigos; as demais incluem seus 34 capítulos.|Biên soạn: sắp xếp PDF và Markdown thành chương, mục để đọc ngoại tuyến; thêm điều hướng, lưu, hành động và giao diện đa ngôn ngữ. Giữ chú thích chứng cứ và trích dẫn. Bản Trung có PDF và chuyên đề; bản khác gồm 34 chương.|تكييف: تنظيم PDF وMarkdown للقراءة دون إنترنت، مع التنقل والحفظ والخطوات وترجمة الواجهة. حُفظت الملاحظات والمراجع. النسخة الصينية تشمل PDF والمقالات؛ النسخ الأخرى تشمل فصولها الـ34.|Adaptasi: PDF dan Markdown disusun untuk dibaca luring, dengan navigasi, simpanan, tindakan, dan antarmuka terjemahan. Catatan bukti dan kutipan dipertahankan. Versi Tionghoa menyertakan PDF dan esai; versi lain berisi 34 babnya.
translationHint|社区译文可能落后于中文原作，部分引用保留原语言。条目数、编号和证据判断可能不同；请核对来源与适用地区。|Community translations may lag behind the Chinese original. Some citations remain in their source language. Counts, numbering and grades may differ; verify sources and jurisdiction.|Переводы сообщества могут отставать от оригинала. Некоторые цитаты оставлены на исходном языке. Количество, номера и оценки могут отличаться; проверяйте источники и применимость к стране.|Las traducciones pueden ir por detrás del original chino. Algunas citas conservan su idioma. Cantidades, números y niveles pueden variar; verifica fuentes y jurisdicción.|As traduções podem estar atrás do original chinês. Algumas citações mantêm o idioma original. Quantidades, números e níveis podem variar; confira fontes e jurisdição.|Bản dịch cộng đồng có thể chậm hơn bản gốc Trung. Một số trích dẫn giữ ngôn ngữ gốc. Số lượng, số mục và mức chứng cứ có thể khác; hãy kiểm tra nguồn và nơi áp dụng.|قد تتأخر ترجمات المجتمع عن الأصل الصيني. بعض الاقتباسات بلغتها الأصلية. قد تختلف الأعداد والترقيم والدرجات؛ تحقق من المصادر والبلد المعني.|Terjemahan komunitas mungkin tertinggal dari naskah Tionghoa. Beberapa kutipan tetap dalam bahasa sumber. Jumlah, nomor, dan tingkat bukti bisa berbeda; periksa sumber dan wilayah berlaku.
usage|使用说明|Using this guide|Как пользоваться|Uso de la guía|Como usar|Cách sử dụng|استخدام الدليل|Cara menggunakan
contentNotice|证据等级与数值沿用各版本原文，未独立核实。医疗内容不替代诊疗；法律与福利政策有地区限制，请核对当地现行规定。|Evidence grades and figures follow each source edition and are not independently verified. This is not medical care; legal and benefits rules depend on jurisdiction. Check current local rules.|Оценки и числа взяты из соответствующих версий и независимо не проверены. Текст не заменяет лечение; законы и пособия зависят от страны. Проверяйте местные действующие правила.|Los niveles y cifras proceden de cada versión y no se han verificado de forma independiente. No sustituye la atención médica; leyes y ayudas dependen del lugar. Revisa las normas vigentes.|Níveis e números vêm de cada versão e não foram verificados de forma independente. Não substitui atendimento médico; leis e benefícios dependem do local. Confira as regras vigentes.|Mức chứng cứ và số liệu theo từng bản nguồn, chưa được kiểm chứng độc lập. Không thay thế khám chữa bệnh; pháp luật và phúc lợi phụ thuộc địa phương. Hãy kiểm tra quy định hiện hành.|الدرجات والأرقام من كل نسخة ولم تُتحقق منها بصورة مستقلة. المحتوى لا يحل محل الرعاية الطبية؛ القوانين والمزايا تختلف حسب البلد. تحقق من القواعد المحلية الحالية.|Tingkat bukti dan angka mengikuti tiap sumber, belum diverifikasi secara independen. Bukan pengganti perawatan medis; hukum dan tunjangan bergantung wilayah. Periksa aturan setempat yang berlaku.
privacy|隐私|Privacy|Конфиденциальность|Privacidad|Privacidade|Quyền riêng tư|الخصوصية|Privasi
privacyText|无需登录。语言选择、阅读、收藏和行动记录保存在本机，不上传。删除 App 会清除记录。外部来源链接需要网络访问。|No login. Language choice, reading, saved tips and actions stay on this device and are not uploaded. Deleting the app removes records. External source links require internet.|Без регистрации. Язык, прочитанное, избранное и действия хранятся на устройстве и не отправляются на сервер. Удаление приложения удалит записи. Внешним ссылкам нужен интернет.|Sin cuenta. El idioma, lecturas, guardados y acciones se quedan en este dispositivo. Al borrar la app se borran los datos. Las fuentes externas requieren internet.|Sem conta. Idioma, leituras, salvos e ações ficam neste dispositivo e não são enviados. Apagar o app apaga os registros. Links externos precisam de internet.|Không cần đăng nhập. Ngôn ngữ, lịch sử đọc, mục lưu và hành động chỉ ở trên thiết bị, không tải lên. Xóa ứng dụng sẽ xóa dữ liệu. Liên kết nguồn ngoài cần mạng.|لا يلزم تسجيل الدخول. اللغة والقراءة والمحفوظات والخطوات تبقى على الجهاز ولا تُرفع. حذف التطبيق يمسح السجلات. الروابط الخارجية تتطلب الإنترنت.|Tanpa akun. Pilihan bahasa, bacaan, simpanan, dan tindakan tersimpan di perangkat, tidak diunggah. Menghapus aplikasi menghapus catatan. Tautan sumber luar memerlukan internet.
pdfHint|PDF 转换可能影响长网址的换行；请打开原文点击引用链接。|PDF extraction may split long URLs; open the original to follow links.|Извлечение PDF может разбить ссылки; открывайте их в оригинале.|La extracción PDF puede cortar enlaces; ábrelos en el original.|A extração do PDF pode dividir links; abra-os no original.|Trích xuất PDF có thể ngắt URL dài; mở bản gốc để dùng liên kết.|قد تتجزأ الروابط الطويلة عند استخراج PDF؛ افتح الأصل.|Ekstraksi PDF dapat memisah URL panjang; buka naskah asli.
emergencyNotice|若有即时危险，请先到安全处并联系当地急救服务；中国大陆急救 120、火警 119、报警 110。|In immediate danger, get to safety and contact local emergency services. Mainland China: ambulance 120, fire 119, police 110. Numbers differ by country.|При опасности перейдите в безопасное место и вызовите местную экстренную службу. В материковом Китае: скорая 120, пожарные 119, полиция 110. В других странах номера иные.|Ante peligro inmediato, ponte a salvo y llama a emergencias locales. China continental: ambulancia 120, bomberos 119, policía 110. Los números varían por país.|Em perigo imediato, vá a um lugar seguro e contate a emergência local. China continental: ambulância 120, bombeiros 119, polícia 110. Os números variam por país.|Nếu nguy hiểm tức thì, đến nơi an toàn và gọi cấp cứu địa phương. Trung Quốc đại lục: cấp cứu 120, cứu hỏa 119, cảnh sát 110. Số điện thoại khác nhau theo quốc gia.|عند الخطر الفوري انتقل إلى مكان آمن واتصل بطوارئ بلدك. في بر الصين الرئيسي: الإسعاف 120، الإطفاء 119، الشرطة 110. تختلف الأرقام حسب البلد.|Jika dalam bahaya langsung, cari tempat aman dan hubungi layanan darurat setempat. Tiongkok daratan: ambulans 120, pemadam 119, polisi 110. Nomor berbeda tiap negara.
poisonNotice|编者安全补充：疑似中毒时不要自行催吐。立即联系当地急救或急诊，保留食物样本，依专业人员指示处理。|Editor's safety note: do not induce vomiting after suspected poisoning. Contact local emergency care, keep food samples and follow professional instructions.|Примечание редактора: при подозрении на отравление не вызывайте рвоту самостоятельно. Обратитесь за срочной помощью, сохраните образцы пищи и следуйте указаниям специалистов.|Nota del editor: ante posible intoxicación, no provoques el vómito. Contacta urgencias locales, conserva muestras y sigue instrucciones profesionales.|Nota do editor: em suspeita de intoxicação, não provoque vômito. Procure emergência local, guarde amostras e siga orientações profissionais.|Lưu ý biên tập: nếu nghi ngộ độc, không tự gây nôn. Liên hệ cấp cứu địa phương, giữ mẫu thức ăn và làm theo hướng dẫn chuyên môn.|تنبيه المحرر: عند الاشتباه بالتسمم لا تحاول إحداث القيء. اتصل بالطوارئ المحلية واحتفظ بعينات الطعام واتبع تعليمات المختصين.|Catatan editor: jika diduga keracunan, jangan paksa muntah. Hubungi layanan darurat setempat, simpan sampel makanan, dan ikuti arahan tenaga medis.
loadTitle|内容载入失败|Content unavailable|Текст недоступен|Contenido no disponible|Conteúdo indisponível|Không tải được nội dung|المحتوى غير متاح|Konten tidak tersedia
loadError|无法读取该语言的内容，请重新打开 App。|Unable to read this language edition. Please reopen the app.|Не удалось загрузить эту версию. Откройте приложение заново.|No se pudo leer esta versión. Vuelve a abrir la app.|Não foi possível ler esta versão. Reabra o app.|Không đọc được phiên bản này. Vui lòng mở lại ứng dụng.|تعذر قراءة هذه النسخة. أعد فتح التطبيق.|Tidak dapat membaca versi bahasa ini. Buka ulang aplikasi.
close|关闭|Close|Закрыть|Cerrar|Fechar|Đóng|إغلاق|Tutup
privacyPolicy|隐私政策|Privacy Policy|Политика конфиденциальности|Política de privacidad|Política de privacidade|Chính sách quyền riêng tư|سياسة الخصوصية|Kebijakan Privasi
technicalSupport|技术支持|Support|Поддержка|Soporte|Suporte|Hỗ trợ|الدعم|Dukungan
